{
    "their": {
        "h1": [
            {
                "li": [
                    "Seeking to bring order to the world",
                    "Being goal-oriented and decisive",
                    "Testing the logic of a system through challenge and critique",
                    "Taking charge"
                ],
                "title": "What they like"
            },
            {
                "li": [
                    "An organised and effcient process; if you spend too long exploring possibilities they may get frustrated",
                    "Accuracy - so make sure your facts are correct and don't be too vague or conceptual"
                ],
                "title": "What they want"
            },
             {
                "li": [
                    "Structure and order in the workplace",
                    "A drive for efficient processes, which enables you to make cost savings and quality improvements"
                ],
                "title": "Strengths"
            },
            {
                "li": [
                    "Insensitivity to people issues – remember to factor them in",
                    "A lack of tolerance of people who are  less organised and efficient than you – try to value their flexibility and spontaneity"
                ],
                "title": "Blind spots"
            }
        ]
    },
    "yours": {
        "h1": [
            {
                "li": [
                    "Seeking to bring order to the world",
                    "Being goal-oriented and decisive",
                    "Testing the logic of a system through challenge and critique",
                    "Taking charge"
                ],
                "title": "What you like"
            },
            {
                "li": [
                    "Organisation and planning for every activity",
                    "You may spot mistakes others may overlook"
                ],
                "title": "What you give"
            }, {
                "li": [
                    "Working with you efficiently and telling you what is working and what  is not",
                    "Providing clarity about plans,  organisation and structure"
                ],
                "title": "Strengths"
            },
            {
                "li": [
                    "Frustration with people who spend  a lot of time exploring possibilities or options",
                    "Impatience or an impersonal manner –  so don’t take that personally"
                ],
                "title": "Blind spots"
            }
        ]
    }
}